state,scrape_date,inmates_positive,staff_positive,inmates_negative,staff_negative,test_pending,inmates_pending,inmates_deaths,staff_deaths,inmates_death_underlying_cond,total_deaths,inmates_tested,inmate_deaths,inmates_covid_deaths,inmates_tests,contract_staff_positive,inmates_presumed_positive,inmates_released_medical_isolation,inmates_hospital,inmates_current_positive,n_positive_c_os,total_positive,inmates_medical_isolation,update_date,inmates_recovered,inmates_isolation,inmates_quarantine,staff_recovered,DAILY POPULATION,inmates_probable_deaths,inmates_death_underlying_conditions,inmates_positive_symptomatic,inmates_positive_asymptomatic,inmates_positive_on_site,death_of_covidâ€‘19_positive_offender
Alabama,2020-04-16T00:00:00Z,0,0,0,0,5,0,0,0,0,0,NA,NA,NA,NA,NA,NA,NA,NA,NA,NA,NA,NA,NA,NA,NA,NA,NA,NA,NA,NA,NA,NA,NA,NA
Arizona,2020-04-16T00:00:00Z,17,0,71,0,0,6,0,0,0,0,NA,NA,NA,NA,NA,NA,NA,NA,NA,NA,NA,NA,NA,NA,NA,NA,NA,NA,NA,NA,NA,NA,NA,NA
Florida,2020-04-16T00:00:00Z,44,63,0,0,0,0,0,0,0,0,NA,NA,NA,NA,NA,NA,NA,NA,NA,NA,NA,NA,NA,NA,NA,NA,NA,NA,NA,NA,NA,NA,NA,NA
Georgia,2020-04-16T00:00:00Z,65,67,0,0,0,0,0,0,0,0,NA,NA,NA,NA,NA,NA,NA,NA,NA,NA,NA,NA,NA,NA,NA,NA,NA,NA,NA,NA,NA,NA,NA,NA
Illinois,2020-04-16T00:00:00Z,147,130,0,0,0,0,0,0,0,0,NA,NA,NA,NA,NA,NA,NA,NA,NA,NA,NA,NA,NA,NA,NA,NA,NA,NA,NA,NA,NA,NA,NA,NA
Indiana,2020-04-16T00:00:00Z,116,0,0,0,0,0,1,0,0,0,NA,NA,NA,NA,NA,NA,NA,NA,NA,NA,NA,NA,NA,NA,NA,NA,NA,NA,NA,NA,NA,NA,NA,NA
Kansas,2020-04-16T00:00:00Z,30,36,0,0,0,0,0,0,0,0,NA,NA,NA,NA,NA,NA,NA,NA,NA,NA,NA,NA,NA,NA,NA,NA,NA,NA,NA,NA,NA,NA,NA,NA
Louisiana,2020-04-16T00:00:00Z,78,60,0,0,0,0,0,1,0,0,NA,NA,NA,NA,NA,NA,NA,NA,NA,NA,NA,NA,NA,NA,NA,NA,NA,NA,NA,NA,NA,NA,NA,NA
Pennsylvania,2020-04-16T00:00:00Z,19,27,55,106,0,0,1,0,0,0,NA,NA,NA,NA,NA,NA,NA,NA,NA,NA,NA,NA,NA,NA,NA,NA,NA,NA,NA,NA,NA,NA,NA,NA
South Carolina,2020-04-16T00:00:00Z,0,29,0,0,0,0,0,0,0,0,NA,NA,NA,NA,NA,NA,NA,NA,NA,NA,NA,NA,NA,NA,NA,NA,NA,NA,NA,NA,NA,NA,NA,NA
Texas,2020-04-16T00:00:00Z,327,0,204,0,0,31,0,0,0,0,NA,NA,NA,NA,NA,NA,NA,NA,NA,NA,NA,NA,NA,NA,NA,NA,NA,NA,NA,NA,NA,NA,NA,NA
Virginia,2020-04-16T00:00:00Z,41,40,0,0,0,0,1,0,0,0,NA,NA,NA,NA,NA,NA,NA,NA,NA,NA,NA,NA,NA,NA,NA,NA,NA,NA,NA,NA,NA,NA,NA,NA
Washington,2020-04-16T00:00:00Z,11,14,0,0,0,0,0,0,0,0,NA,NA,NA,NA,NA,NA,NA,NA,NA,NA,NA,NA,NA,NA,NA,NA,NA,NA,NA,NA,NA,NA,NA,NA
Alaska,2020-04-16T00:00:00Z,0,NA,32,NA,NA,7,NA,NA,NA,NA,39,NA,NA,NA,NA,NA,NA,NA,NA,NA,NA,NA,NA,NA,NA,NA,NA,NA,NA,NA,NA,NA,NA,NA
New Jersey,2020-04-16T00:00:00Z,55,295,NA,NA,NA,NA,NA,NA,NA,NA,NA,5,NA,NA,NA,NA,NA,NA,NA,NA,NA,NA,NA,NA,NA,NA,NA,NA,NA,NA,NA,NA,NA,NA
New York,2020-04-16T00:00:00Z,165,693,NA,NA,NA,NA,NA,1,NA,NA,NA,NA,NA,NA,NA,NA,NA,NA,NA,NA,NA,NA,NA,NA,NA,NA,NA,NA,NA,NA,NA,NA,NA,NA
Texas,2020-04-16T00:00:00Z,327,NA,204,NA,NA,31,NA,NA,NA,NA,NA,NA,NA,NA,NA,NA,NA,NA,NA,NA,NA,NA,NA,NA,NA,NA,NA,NA,NA,NA,NA,NA,NA,NA
Alabama,2020-04-18T00:00:00Z,3,0,0,0,5,0,1,0,0,0,NA,NA,0,NA,NA,NA,NA,NA,NA,NA,NA,NA,NA,NA,NA,NA,NA,NA,NA,NA,NA,NA,NA,NA
Arizona,2020-04-18T00:00:00Z,22,0,75,0,0,36,0,0,0,0,NA,NA,0,NA,NA,NA,NA,NA,NA,NA,NA,NA,NA,NA,NA,NA,NA,NA,NA,NA,NA,NA,NA,NA
Federal,2020-04-18T00:00:00Z,456,305,0,0,0,0,21,0,0,0,NA,NA,0,NA,NA,NA,NA,NA,NA,NA,NA,NA,NA,NA,NA,NA,NA,NA,NA,NA,NA,NA,NA,NA
Florida,2020-04-18T00:00:00Z,85,78,138,0,0,116,0,0,0,0,NA,NA,0,NA,NA,NA,NA,NA,NA,NA,NA,NA,NA,NA,NA,NA,NA,NA,NA,NA,NA,NA,NA,NA
Georgia,2020-04-18T00:00:00Z,129,73,0,0,0,0,0,0,0,0,NA,NA,0,NA,NA,NA,NA,NA,NA,NA,NA,NA,NA,NA,NA,NA,NA,NA,NA,NA,NA,NA,NA,NA
Illinois,2020-04-18T00:00:00Z,149,135,0,0,0,0,0,0,0,0,NA,NA,0,NA,NA,NA,NA,NA,NA,NA,NA,NA,NA,NA,NA,NA,NA,NA,NA,NA,NA,NA,NA,NA
Indiana,2020-04-18T00:00:00Z,211,0,0,0,0,0,1,0,0,0,NA,NA,0,NA,NA,NA,NA,NA,NA,NA,NA,NA,NA,NA,NA,NA,NA,NA,NA,NA,NA,NA,NA,NA
Kansas,2020-04-18T00:00:00Z,31,39,0,0,0,0,0,0,0,0,NA,NA,0,NA,NA,NA,NA,NA,NA,NA,NA,NA,NA,NA,NA,NA,NA,NA,NA,NA,NA,NA,NA,NA
Louisiana,2020-04-18T00:00:00Z,90,74,0,0,0,0,0,1,0,0,NA,NA,0,NA,NA,NA,NA,NA,NA,NA,NA,NA,NA,NA,NA,NA,NA,NA,NA,NA,NA,NA,NA,NA
New Jersey,2020-04-18T00:00:00Z,63,309,0,0,0,0,8,0,0,0,NA,NA,0,NA,NA,NA,NA,NA,NA,NA,NA,NA,NA,NA,NA,NA,NA,NA,NA,NA,NA,NA,NA,NA
North Dakota,2020-04-18T00:00:00Z,0,0,29,0,0,0,0,0,0,0,NA,NA,0,NA,NA,NA,NA,NA,NA,NA,NA,NA,NA,NA,NA,NA,NA,NA,NA,NA,NA,NA,NA,NA
Ohio,2020-04-18T00:00:00Z,1441,218,0,0,0,0,1,1,0,0,NA,NA,5,NA,NA,NA,NA,NA,NA,NA,NA,NA,NA,NA,NA,NA,NA,NA,NA,NA,NA,NA,NA,NA
Pennsylvania,2020-04-18T00:00:00Z,22,35,58,112,0,0,1,0,0,0,NA,NA,0,NA,NA,NA,NA,NA,NA,NA,NA,NA,NA,NA,NA,NA,NA,NA,NA,NA,NA,NA,NA,NA
South Carolina,2020-04-18T00:00:00Z,0,35,0,0,0,0,0,0,0,0,NA,NA,0,NA,NA,NA,NA,NA,NA,NA,NA,NA,NA,NA,NA,NA,NA,NA,NA,NA,NA,NA,NA,NA
Texas,2020-04-18T00:00:00Z,351,0,224,0,0,120,0,0,0,0,NA,NA,0,NA,NA,NA,NA,NA,NA,NA,NA,NA,NA,NA,NA,NA,NA,NA,NA,NA,NA,NA,NA,NA
Virginia,2020-04-18T00:00:00Z,74,49,0,0,0,0,1,0,0,0,NA,NA,0,NA,NA,NA,NA,NA,NA,NA,NA,NA,NA,NA,NA,NA,NA,NA,NA,NA,NA,NA,NA,NA
Washington,2020-04-18T00:00:00Z,12,15,0,0,0,0,0,0,0,0,NA,NA,0,NA,NA,NA,NA,NA,NA,NA,NA,NA,NA,NA,NA,NA,NA,NA,NA,NA,NA,NA,NA,NA
Alaska,2020-04-18T00:00:00Z,0,NA,31,NA,NA,9,NA,NA,NA,NA,40,NA,NA,NA,NA,NA,NA,NA,NA,NA,NA,NA,NA,NA,NA,NA,NA,NA,NA,NA,NA,NA,NA,NA
Idaho,2020-04-18T00:00:00Z,0,NA,26,NA,NA,1,NA,NA,NA,NA,NA,NA,NA,27,NA,NA,NA,NA,NA,NA,NA,NA,NA,NA,NA,NA,NA,NA,NA,NA,NA,NA,NA,NA
New York,2020-04-18T00:00:00Z,210,783,NA,NA,NA,NA,NA,1,NA,NA,NA,NA,NA,NA,NA,NA,NA,NA,NA,NA,NA,NA,NA,NA,NA,NA,NA,NA,NA,NA,NA,NA,NA,NA
Alabama,2020-04-19T00:00:00Z,3,0,0,0,5,0,1,0,0,0,NA,NA,0,NA,NA,NA,NA,NA,NA,NA,NA,NA,NA,NA,NA,NA,NA,NA,NA,NA,NA,NA,NA,NA
Arizona,2020-04-19T00:00:00Z,25,0,75,0,0,36,0,0,0,0,NA,NA,0,NA,NA,NA,NA,NA,NA,NA,NA,NA,NA,NA,NA,NA,NA,NA,NA,NA,NA,NA,NA,NA
California,2020-04-19T00:00:00Z,0,89,0,0,0,0,0,0,0,0,NA,NA,0,NA,NA,NA,NA,NA,NA,NA,NA,NA,NA,NA,NA,NA,NA,NA,NA,NA,NA,NA,NA,NA
Federal,2020-04-19T00:00:00Z,471,309,0,0,0,0,22,0,0,0,NA,NA,0,NA,NA,NA,NA,NA,NA,NA,NA,NA,NA,NA,NA,NA,NA,NA,NA,NA,NA,NA,NA,NA
Florida,2020-04-19T00:00:00Z,113,80,159,0,0,89,0,0,0,0,NA,NA,0,NA,NA,NA,NA,NA,NA,NA,NA,NA,NA,NA,NA,NA,NA,NA,NA,NA,NA,NA,NA,NA
Georgia,2020-04-19T00:00:00Z,131,74,0,0,0,0,0,0,0,0,NA,NA,0,NA,NA,NA,NA,NA,NA,NA,NA,NA,NA,NA,NA,NA,NA,NA,NA,NA,NA,NA,NA,NA
Illinois,2020-04-19T00:00:00Z,148,135,0,0,0,0,0,0,0,0,NA,NA,0,NA,NA,NA,NA,NA,NA,NA,NA,NA,NA,NA,NA,NA,NA,NA,NA,NA,NA,NA,NA,NA
Indiana,2020-04-19T00:00:00Z,211,0,0,0,0,0,1,0,0,0,NA,NA,0,NA,NA,NA,NA,NA,NA,NA,NA,NA,NA,NA,NA,NA,NA,NA,NA,NA,NA,NA,NA,NA
Iowa,2020-04-19T00:00:00Z,1,1,0,0,0,0,0,0,0,0,NA,NA,0,NA,NA,NA,NA,NA,NA,NA,NA,NA,NA,NA,NA,NA,NA,NA,NA,NA,NA,NA,NA,NA
Kansas,2020-04-19T00:00:00Z,31,39,0,0,0,0,0,0,0,0,NA,NA,0,NA,NA,NA,NA,NA,NA,NA,NA,NA,NA,NA,NA,NA,NA,NA,NA,NA,NA,NA,NA,NA
Montana,2020-04-19T00:00:00Z,2,0,0,0,0,0,0,0,0,0,NA,NA,0,NA,NA,NA,NA,NA,NA,NA,NA,NA,NA,NA,NA,NA,NA,NA,NA,NA,NA,NA,NA,NA
New Hampshire,2020-04-19T00:00:00Z,0,6,0,0,0,0,0,0,0,0,NA,NA,0,NA,NA,NA,NA,NA,NA,NA,NA,NA,NA,NA,NA,NA,NA,NA,NA,NA,NA,NA,NA,NA
New Jersey,2020-04-19T00:00:00Z,63,309,0,0,0,0,8,0,0,0,NA,NA,0,NA,NA,NA,NA,NA,NA,NA,NA,NA,NA,NA,NA,NA,NA,NA,NA,NA,NA,NA,NA,NA
North Dakota,2020-04-19T00:00:00Z,0,0,29,0,0,0,0,0,0,0,NA,NA,0,NA,NA,NA,NA,NA,NA,NA,NA,NA,NA,NA,NA,NA,NA,NA,NA,NA,NA,NA,NA,NA
Ohio,2020-04-19T00:00:00Z,2400,244,0,0,0,0,1,1,0,0,NA,NA,6,NA,NA,NA,NA,NA,NA,NA,NA,NA,NA,NA,NA,NA,NA,NA,NA,NA,NA,NA,NA,NA
Oklahoma,2020-04-19T00:00:00Z,0,4,0,0,0,0,0,0,0,0,NA,NA,0,NA,NA,NA,NA,NA,NA,NA,NA,NA,NA,NA,NA,NA,NA,NA,NA,NA,NA,NA,NA,NA
Pennsylvania,2020-04-19T00:00:00Z,22,35,58,112,0,0,1,0,0,0,NA,NA,0,NA,NA,NA,NA,NA,NA,NA,NA,NA,NA,NA,NA,NA,NA,NA,NA,NA,NA,NA,NA,NA
South Carolina,2020-04-19T00:00:00Z,0,35,0,0,0,0,0,0,0,0,NA,NA,0,NA,NA,NA,NA,NA,NA,NA,NA,NA,NA,NA,NA,NA,NA,NA,NA,NA,NA,NA,NA,NA
Texas,2020-04-19T00:00:00Z,351,0,224,0,0,120,0,0,0,0,NA,NA,0,NA,NA,NA,NA,NA,NA,NA,NA,NA,NA,NA,NA,NA,NA,NA,NA,NA,NA,NA,NA,NA
Virginia,2020-04-19T00:00:00Z,108,50,0,0,0,0,1,0,0,0,NA,NA,0,NA,NA,NA,NA,NA,NA,NA,NA,NA,NA,NA,NA,NA,NA,NA,NA,NA,NA,NA,NA,NA
Washington,2020-04-19T00:00:00Z,12,15,0,0,0,0,0,0,0,0,NA,NA,0,NA,NA,NA,NA,NA,NA,NA,NA,NA,NA,NA,NA,NA,NA,NA,NA,NA,NA,NA,NA,NA
Alaska,2020-04-19T00:00:00Z,0,NA,31,NA,NA,9,NA,NA,NA,NA,40,NA,NA,NA,NA,NA,NA,NA,NA,NA,NA,NA,NA,NA,NA,NA,NA,NA,NA,NA,NA,NA,NA,NA
Idaho,2020-04-19T00:00:00Z,0,NA,26,NA,NA,1,NA,NA,NA,NA,NA,NA,NA,27,NA,NA,NA,NA,NA,NA,NA,NA,NA,NA,NA,NA,NA,NA,NA,NA,NA,NA,NA,NA
New York,2020-04-19T00:00:00Z,210,783,NA,NA,NA,NA,NA,1,NA,NA,NA,NA,NA,NA,NA,NA,NA,NA,NA,NA,NA,NA,NA,NA,NA,NA,NA,NA,NA,NA,NA,NA,NA,NA
North Carolina,2020-04-19T00:00:00Z,274,NA,308,NA,NA,NA,NA,NA,NA,NA,582,NA,NA,NA,NA,NA,NA,NA,NA,NA,NA,NA,NA,NA,NA,NA,NA,NA,NA,NA,NA,NA,NA,NA
Delaware,2020-04-19T00:00:00Z,20,20,NA,NA,NA,NA,NA,NA,NA,NA,NA,NA,NA,NA,3,NA,NA,NA,NA,NA,NA,NA,NA,NA,NA,NA,NA,NA,NA,NA,NA,NA,NA,NA
Alabama,2020-04-20T00:00:00Z,3,0,0,0,5,0,1,0,0,0,NA,NA,0,NA,NA,NA,NA,NA,NA,NA,NA,NA,NA,NA,NA,NA,NA,NA,NA,NA,NA,NA,NA,NA
Arizona,2020-04-20T00:00:00Z,28,0,114,0,0,6,0,0,0,0,NA,NA,0,NA,NA,NA,NA,NA,NA,NA,NA,NA,NA,NA,NA,NA,NA,NA,NA,NA,NA,NA,NA,NA
California,2020-04-20T00:00:00Z,0,92,0,0,0,0,0,0,0,0,NA,NA,0,NA,NA,NA,NA,NA,NA,NA,NA,NA,NA,NA,NA,NA,NA,NA,NA,NA,NA,NA,NA,NA
Federal,2020-04-20T00:00:00Z,472,319,0,0,0,0,22,0,0,0,NA,NA,0,NA,NA,NA,NA,NA,NA,NA,NA,NA,NA,NA,NA,NA,NA,NA,NA,NA,NA,NA,NA,NA
Florida,2020-04-20T00:00:00Z,119,85,160,0,0,99,0,0,0,0,NA,NA,0,NA,NA,NA,NA,NA,NA,NA,NA,NA,NA,NA,NA,NA,NA,NA,NA,NA,NA,NA,NA,NA
Georgia,2020-04-20T00:00:00Z,141,75,0,0,0,0,0,0,0,0,NA,NA,0,NA,NA,NA,NA,NA,NA,NA,NA,NA,NA,NA,NA,NA,NA,NA,NA,NA,NA,NA,NA,NA
Illinois,2020-04-20T00:00:00Z,150,135,0,0,0,0,0,0,0,0,NA,NA,0,NA,NA,NA,NA,NA,NA,NA,NA,NA,NA,NA,NA,NA,NA,NA,NA,NA,NA,NA,NA,NA
Indiana,2020-04-20T00:00:00Z,221,0,0,0,0,0,3,0,0,0,NA,NA,0,NA,NA,NA,NA,NA,NA,NA,NA,NA,NA,NA,NA,NA,NA,NA,NA,NA,NA,NA,NA,NA
Iowa,2020-04-20T00:00:00Z,1,2,0,0,0,0,0,0,0,0,NA,NA,0,NA,NA,NA,NA,NA,NA,NA,NA,NA,NA,NA,NA,NA,NA,NA,NA,NA,NA,NA,NA,NA
Kansas,2020-04-20T00:00:00Z,41,48,0,0,0,0,0,0,0,0,NA,NA,0,NA,NA,NA,NA,NA,NA,NA,NA,NA,NA,NA,NA,NA,NA,NA,NA,NA,NA,NA,NA,NA
Montana,2020-04-20T00:00:00Z,2,0,0,0,0,0,0,0,0,0,NA,NA,0,NA,NA,NA,NA,NA,NA,NA,NA,NA,NA,NA,NA,NA,NA,NA,NA,NA,NA,NA,NA,NA
New Hampshire,2020-04-20T00:00:00Z,0,6,0,0,0,0,0,0,0,0,NA,NA,0,NA,NA,NA,NA,NA,NA,NA,NA,NA,NA,NA,NA,NA,NA,NA,NA,NA,NA,NA,NA,NA
New Jersey,2020-04-20T00:00:00Z,82,378,0,0,0,0,15,0,0,0,NA,NA,0,NA,NA,NA,NA,NA,NA,NA,NA,NA,NA,NA,NA,NA,NA,NA,NA,NA,NA,NA,NA,NA
North Dakota,2020-04-20T00:00:00Z,0,0,29,0,0,0,0,0,0,0,NA,NA,0,NA,NA,NA,NA,NA,NA,NA,NA,NA,NA,NA,NA,NA,NA,NA,NA,NA,NA,NA,NA,NA
Ohio,2020-04-20T00:00:00Z,3312,302,0,0,0,0,1,1,0,0,NA,NA,8,NA,NA,NA,NA,NA,NA,NA,NA,NA,NA,NA,NA,NA,NA,NA,NA,NA,NA,NA,NA,NA
Oklahoma,2020-04-20T00:00:00Z,0,4,0,0,0,0,0,0,0,0,NA,NA,0,NA,NA,NA,NA,NA,NA,NA,NA,NA,NA,NA,NA,NA,NA,NA,NA,NA,NA,NA,NA,NA
Oregon,2020-04-20T00:00:00Z,6,10,0,0,0,0,0,0,0,0,NA,NA,0,NA,NA,NA,NA,NA,NA,NA,NA,NA,NA,NA,NA,NA,NA,NA,NA,NA,NA,NA,NA,NA
Pennsylvania,2020-04-20T00:00:00Z,27,42,65,120,0,0,1,0,0,0,NA,NA,0,NA,NA,NA,NA,NA,NA,NA,NA,NA,NA,NA,NA,NA,NA,NA,NA,NA,NA,NA,NA,NA
South Carolina,2020-04-20T00:00:00Z,1,35,0,0,0,0,0,0,0,0,NA,NA,0,NA,NA,NA,NA,NA,NA,NA,NA,NA,NA,NA,NA,NA,NA,NA,NA,NA,NA,NA,NA,NA
Texas,2020-04-20T00:00:00Z,438,0,270,0,0,96,0,0,0,0,NA,NA,0,NA,NA,NA,NA,NA,NA,NA,NA,NA,NA,NA,NA,NA,NA,NA,NA,NA,NA,NA,NA,NA
Virginia,2020-04-20T00:00:00Z,138,53,0,0,0,0,1,0,0,0,NA,NA,0,NA,NA,NA,NA,NA,NA,NA,NA,NA,NA,NA,NA,NA,NA,NA,NA,NA,NA,NA,NA,NA
Washington,2020-04-20T00:00:00Z,13,17,0,0,0,0,0,0,0,0,NA,NA,0,NA,NA,NA,NA,NA,NA,NA,NA,NA,NA,NA,NA,NA,NA,NA,NA,NA,NA,NA,NA,NA
Alaska,2020-04-20T00:00:00Z,0,NA,40,NA,NA,4,NA,NA,NA,NA,44,NA,NA,NA,NA,NA,NA,NA,NA,NA,NA,NA,NA,NA,NA,NA,NA,NA,NA,NA,NA,NA,NA,NA
Idaho,2020-04-20T00:00:00Z,0,NA,26,NA,NA,1,NA,NA,NA,NA,NA,NA,NA,27,NA,NA,NA,NA,NA,NA,NA,NA,NA,NA,NA,NA,NA,NA,NA,NA,NA,NA,NA,NA
New York,2020-04-20T00:00:00Z,211,794,NA,NA,NA,NA,NA,1,NA,NA,NA,NA,NA,NA,NA,NA,NA,NA,NA,NA,NA,NA,NA,NA,NA,NA,NA,NA,NA,NA,NA,NA,NA,NA
North Carolina,2020-04-20T00:00:00Z,274,NA,296,NA,NA,NA,NA,NA,NA,NA,570,NA,NA,NA,NA,NA,NA,NA,NA,NA,NA,NA,NA,NA,NA,NA,NA,NA,NA,NA,NA,NA,NA,NA
Delaware,2020-04-20T00:00:00Z,21,20,NA,NA,NA,NA,NA,NA,NA,NA,NA,NA,NA,NA,3,NA,NA,NA,NA,NA,NA,NA,NA,NA,NA,NA,NA,NA,NA,NA,NA,NA,NA,NA
Utah,2020-04-20T00:00:00Z,9,NA,NA,NA,NA,NA,NA,NA,NA,NA,NA,NA,NA,NA,NA,NA,NA,NA,NA,NA,NA,NA,NA,NA,NA,NA,NA,NA,NA,NA,NA,NA,NA,NA
Minnesota,2020-04-20T00:00:00Z,17,NA,49,NA,NA,13,0,NA,NA,NA,79,NA,NA,NA,NA,37,15,2,NA,NA,NA,NA,NA,NA,NA,NA,NA,NA,NA,NA,NA,NA,NA,NA
Alabama,2020-04-21T00:00:00Z,3,0,0,0,0,1,1,0,0,0,NA,NA,0,NA,0,NA,NA,NA,0,0,0,NA,NA,NA,NA,NA,NA,NA,NA,NA,NA,NA,NA,NA
Arizona,2020-04-21T00:00:00Z,29,0,118,0,0,25,0,0,0,0,NA,NA,0,NA,0,NA,NA,NA,0,0,0,NA,NA,NA,NA,NA,NA,NA,NA,NA,NA,NA,NA,NA
California,2020-04-21T00:00:00Z,0,95,0,0,0,0,0,0,0,0,NA,NA,0,NA,0,NA,NA,NA,0,0,0,NA,NA,NA,NA,NA,NA,NA,NA,NA,NA,NA,NA,NA
Federal,2020-04-21T00:00:00Z,515,323,0,0,0,0,22,0,0,0,NA,NA,0,NA,0,NA,NA,NA,0,0,0,NA,NA,NA,NA,NA,NA,NA,NA,NA,NA,NA,NA,NA
Florida,2020-04-21T00:00:00Z,123,98,171,0,0,82,0,0,0,0,NA,NA,0,NA,0,NA,NA,NA,0,0,0,NA,NA,NA,NA,NA,NA,NA,NA,NA,NA,NA,NA,NA
Georgia,2020-04-21T00:00:00Z,140,77,0,0,0,0,0,0,0,0,NA,NA,0,NA,0,NA,NA,NA,0,0,0,NA,NA,NA,NA,NA,NA,NA,NA,NA,NA,NA,NA,NA
Illinois,2020-04-21T00:00:00Z,149,135,0,0,0,0,0,0,0,0,NA,NA,0,NA,0,NA,NA,NA,0,0,0,NA,NA,NA,NA,NA,NA,NA,NA,NA,NA,NA,NA,NA
Indiana,2020-04-21T00:00:00Z,233,0,0,0,0,0,3,0,0,0,NA,NA,0,NA,0,NA,NA,NA,0,0,0,NA,NA,NA,NA,NA,NA,NA,NA,NA,NA,NA,NA,NA
Iowa,2020-04-21T00:00:00Z,2,3,0,0,0,0,0,0,0,0,NA,NA,0,NA,0,NA,NA,NA,0,0,0,NA,NA,NA,NA,NA,NA,NA,NA,NA,NA,NA,NA,NA
Kansas,2020-04-21T00:00:00Z,47,55,0,0,0,0,0,0,0,0,NA,NA,0,NA,0,NA,NA,NA,0,0,0,NA,NA,NA,NA,NA,NA,NA,NA,NA,NA,NA,NA,NA
Louisiana,2020-04-21T00:00:00Z,101,77,0,0,0,0,0,3,2,2,NA,NA,0,NA,0,NA,NA,NA,96,0,0,NA,NA,NA,NA,NA,NA,NA,NA,NA,NA,NA,NA,NA
Montana,2020-04-21T00:00:00Z,2,0,0,0,0,0,0,0,0,0,NA,NA,0,NA,0,NA,NA,NA,0,0,0,NA,NA,NA,NA,NA,NA,NA,NA,NA,NA,NA,NA,NA
New Hampshire,2020-04-21T00:00:00Z,0,7,0,0,0,0,0,0,0,0,NA,NA,0,NA,0,NA,NA,NA,0,0,0,NA,NA,NA,NA,NA,NA,NA,NA,NA,NA,NA,NA,NA
New Jersey,2020-04-21T00:00:00Z,88,407,0,0,0,0,15,0,0,0,NA,NA,0,NA,0,NA,NA,NA,0,0,0,NA,NA,NA,NA,NA,NA,NA,NA,NA,NA,NA,NA,NA
North Dakota,2020-04-21T00:00:00Z,0,0,29,0,0,0,0,0,0,0,NA,NA,0,NA,0,NA,NA,NA,0,0,0,NA,NA,NA,NA,NA,NA,NA,NA,NA,NA,NA,NA,NA
Ohio,2020-04-21T00:00:00Z,3762,319,0,0,0,0,1,1,0,0,NA,NA,9,NA,0,NA,NA,NA,0,0,0,NA,NA,NA,NA,NA,NA,NA,NA,NA,NA,NA,NA,NA
Oklahoma,2020-04-21T00:00:00Z,0,4,0,0,0,0,0,0,0,0,NA,NA,0,NA,0,NA,NA,NA,0,0,0,NA,NA,NA,NA,NA,NA,NA,NA,NA,NA,NA,NA,NA
Oregon,2020-04-21T00:00:00Z,6,10,0,0,0,0,0,0,0,0,NA,NA,0,NA,0,NA,NA,NA,0,0,0,NA,NA,NA,NA,NA,NA,NA,NA,NA,NA,NA,NA,NA
Pennsylvania,2020-04-21T00:00:00Z,27,49,67,148,0,0,1,0,0,0,NA,NA,0,NA,0,NA,NA,NA,0,0,0,NA,NA,NA,NA,NA,NA,NA,NA,NA,NA,NA,NA,NA
South Carolina,2020-04-21T00:00:00Z,1,36,0,0,0,0,0,0,0,0,NA,NA,0,NA,0,NA,NA,NA,0,0,0,NA,NA,NA,NA,NA,NA,NA,NA,NA,NA,NA,NA,NA
Texas,2020-04-21T00:00:00Z,525,0,284,0,0,126,0,0,0,0,NA,NA,0,NA,0,NA,NA,NA,0,0,0,NA,NA,NA,NA,NA,NA,NA,NA,NA,NA,NA,NA,NA
Virginia,2020-04-21T00:00:00Z,141,51,0,0,0,0,1,0,0,0,NA,NA,0,NA,0,NA,NA,NA,0,0,0,NA,NA,NA,NA,NA,NA,NA,NA,NA,NA,NA,NA,NA
Washington,2020-04-21T00:00:00Z,13,18,0,0,0,0,0,0,0,0,NA,NA,0,NA,0,NA,NA,NA,0,0,0,NA,NA,NA,NA,NA,NA,NA,NA,NA,NA,NA,NA,NA
Alaska,2020-04-21T00:00:00Z,0,NA,41,NA,NA,5,NA,NA,NA,NA,46,NA,NA,NA,NA,NA,NA,NA,NA,NA,NA,NA,NA,NA,NA,NA,NA,NA,NA,NA,NA,NA,NA,NA
Idaho,2020-04-21T00:00:00Z,0,NA,26,NA,NA,1,NA,NA,NA,NA,NA,NA,NA,27,NA,NA,NA,NA,NA,NA,NA,NA,NA,NA,NA,NA,NA,NA,NA,NA,NA,NA,NA,NA
New York,2020-04-21T00:00:00Z,219,813,NA,NA,NA,NA,NA,2,NA,NA,NA,NA,NA,NA,NA,NA,NA,NA,NA,NA,NA,NA,NA,NA,NA,NA,NA,NA,NA,NA,NA,NA,NA,NA
North Carolina,2020-04-21T00:00:00Z,299,NA,330,NA,NA,NA,NA,NA,NA,NA,629,NA,NA,NA,NA,NA,NA,NA,NA,NA,NA,NA,NA,NA,NA,NA,NA,NA,NA,NA,NA,NA,NA,NA
Delaware,2020-04-21T00:00:00Z,21,20,NA,NA,NA,NA,NA,NA,NA,NA,NA,NA,NA,NA,3,NA,NA,NA,NA,NA,NA,NA,NA,NA,NA,NA,NA,NA,NA,NA,NA,NA,NA,NA
Utah,2020-04-21T00:00:00Z,9,NA,NA,NA,NA,NA,NA,NA,NA,NA,NA,NA,NA,NA,NA,NA,NA,NA,NA,NA,NA,NA,NA,NA,NA,NA,NA,NA,NA,NA,NA,NA,NA,NA
Minnesota,2020-04-21T00:00:00Z,24,NA,85,NA,NA,7,NA,NA,NA,NA,116,NA,NA,NA,NA,37,23,2,NA,NA,NA,NA,NA,NA,NA,NA,NA,NA,NA,NA,NA,NA,NA,NA
Vermont,2020-04-21T00:00:00Z,38,NA,180,NA,NA,1,NA,NA,NA,NA,219,NA,NA,NA,NA,NA,0,0,NA,NA,NA,37,NA,NA,NA,NA,NA,NA,NA,NA,NA,NA,NA,NA
Missouri,2020-04-21T00:00:00Z,2,6,NA,NA,NA,NA,1,0,NA,NA,NA,NA,NA,NA,7,NA,NA,NA,NA,NA,NA,NA,NA,NA,NA,NA,NA,NA,NA,NA,NA,NA,NA,NA
Arkansas,2020-04-21T00:00:00Z,NA,25,NA,NA,NA,NA,NA,NA,NA,NA,731,NA,NA,NA,0,NA,NA,NA,NA,NA,NA,NA,2020-04-21T00:00:00Z,NA,NA,NA,NA,NA,NA,NA,NA,NA,NA,NA
Rhode Island,2020-04-21T00:00:00Z,NA,6,NA,NA,NA,NA,NA,NA,NA,NA,0,NA,NA,NA,NA,NA,NA,NA,NA,NA,NA,NA,2020-04-20T00:00:00Z,NA,NA,NA,NA,NA,NA,NA,NA,NA,NA,NA
Michigan,2020-04-21T00:00:00Z,574,210,306,NA,NA,11,21,2,NA,NA,891,NA,NA,NA,NA,NA,NA,NA,NA,NA,NA,NA,2020-04-20T00:00:00Z,NA,NA,NA,NA,NA,NA,NA,NA,NA,NA,NA
Maine,2020-04-21T00:00:00Z,0,NA,17,NA,NA,NA,NA,NA,NA,NA,17,NA,NA,NA,NA,NA,NA,NA,NA,NA,NA,NA,2020-04-17T00:00:00Z,NA,4,NA,NA,NA,NA,NA,NA,NA,NA,NA
Hawaii,2020-04-21T00:00:00Z,0,NA,13,NA,NA,1,NA,NA,NA,NA,14,NA,NA,NA,NA,NA,NA,NA,NA,NA,NA,NA,2020-04-20T00:00:00Z,NA,1,9,NA,NA,NA,NA,NA,NA,NA,NA
Connecticut,2020-04-21T00:00:00Z,308,222,NA,NA,NA,NA,1,NA,NA,NA,NA,NA,NA,NA,NA,NA,NA,NA,NA,NA,NA,NA,2020-04-21T00:00:00Z,127,170,NA,31,NA,NA,NA,NA,NA,NA,NA
Wisconsin,2020-04-21T00:00:00Z,12,NA,95,NA,NA,6,NA,NA,NA,NA,131,NA,NA,NA,NA,NA,NA,NA,NA,NA,NA,NA,2020-04-21T00:00:00Z,NA,NA,NA,NA,NA,NA,NA,NA,NA,NA,NA
Alabama,2020-04-22T00:00:00Z,4,0,0,0,0,1,1,0,0,0,NA,NA,0,NA,0,NA,NA,NA,0,0,0,NA,NA,NA,NA,NA,NA,NA,NA,NA,NA,NA,NA,NA
Arizona,2020-04-22T00:00:00Z,35,0,122,0,0,15,0,0,0,0,NA,NA,0,NA,0,NA,NA,NA,0,0,0,NA,NA,NA,NA,NA,NA,NA,NA,NA,NA,NA,NA,NA
California,2020-04-22T00:00:00Z,0,97,0,0,0,0,0,0,0,0,NA,NA,0,NA,0,NA,NA,NA,0,0,0,NA,NA,NA,NA,NA,NA,NA,NA,NA,NA,NA,NA,NA
Federal,2020-04-22T00:00:00Z,535,342,0,0,0,0,23,0,0,0,NA,NA,0,NA,0,NA,NA,NA,0,0,0,NA,NA,NA,NA,NA,NA,NA,NA,NA,NA,NA,NA,NA
Florida,2020-04-22T00:00:00Z,136,102,179,0,0,72,0,0,0,0,NA,NA,0,NA,0,NA,NA,NA,0,0,0,NA,NA,NA,NA,NA,NA,NA,NA,NA,NA,NA,NA,NA
Georgia,2020-04-22T00:00:00Z,142,77,0,0,0,0,0,0,0,0,NA,NA,0,NA,0,NA,NA,NA,0,0,0,NA,NA,NA,NA,NA,NA,NA,NA,NA,NA,NA,NA,NA
Illinois,2020-04-22T00:00:00Z,148,139,0,0,0,0,0,0,0,0,NA,NA,0,NA,0,NA,NA,NA,0,0,0,NA,NA,NA,NA,NA,NA,NA,NA,NA,NA,NA,NA,NA
Indiana,2020-04-22T00:00:00Z,238,0,0,0,0,0,3,0,0,0,NA,NA,0,NA,0,NA,NA,NA,0,0,0,NA,NA,NA,NA,NA,NA,NA,NA,NA,NA,NA,NA,NA
Iowa,2020-04-22T00:00:00Z,12,3,0,0,0,0,0,0,0,0,NA,NA,0,NA,0,NA,NA,NA,0,0,0,NA,NA,NA,NA,NA,NA,NA,NA,NA,NA,NA,NA,NA
Kansas,2020-04-22T00:00:00Z,52,61,0,0,0,0,0,0,0,0,NA,NA,0,NA,0,NA,NA,NA,0,0,0,NA,NA,NA,NA,NA,NA,NA,NA,NA,NA,NA,NA,NA
Louisiana,2020-04-22T00:00:00Z,120,78,0,0,0,0,0,3,2,2,NA,NA,0,NA,0,NA,NA,NA,113,0,0,NA,NA,NA,NA,NA,NA,NA,NA,NA,NA,NA,NA,NA
Massachusetts,2020-04-22T00:00:00Z,6,8,0,0,0,0,0,0,0,0,NA,NA,0,NA,0,NA,NA,NA,0,3,17,NA,NA,NA,NA,NA,NA,NA,NA,NA,NA,NA,NA,NA
Montana,2020-04-22T00:00:00Z,2,0,0,0,0,0,0,0,0,0,NA,NA,0,NA,0,NA,NA,NA,0,0,0,NA,NA,NA,NA,NA,NA,NA,NA,NA,NA,NA,NA,NA
New Hampshire,2020-04-22T00:00:00Z,0,8,0,0,0,0,0,0,0,0,NA,NA,0,NA,0,NA,NA,NA,0,0,0,NA,NA,NA,NA,NA,NA,NA,NA,NA,NA,NA,NA,NA
New Jersey,2020-04-22T00:00:00Z,92,427,0,0,0,0,16,0,0,0,NA,NA,0,NA,0,NA,NA,NA,0,0,0,NA,NA,NA,NA,NA,NA,NA,NA,NA,NA,NA,NA,NA
North Dakota,2020-04-22T00:00:00Z,0,0,30,0,0,0,0,0,0,0,NA,NA,0,NA,0,NA,NA,NA,0,0,0,NA,NA,NA,NA,NA,NA,NA,NA,NA,NA,NA,NA,NA
Ohio,2020-04-22T00:00:00Z,3792,331,0,0,0,0,2,1,0,0,NA,NA,12,NA,0,NA,NA,NA,0,0,0,NA,NA,NA,NA,NA,NA,NA,NA,NA,NA,NA,NA,NA
Oklahoma,2020-04-22T00:00:00Z,0,5,0,0,0,0,0,0,0,0,NA,NA,0,NA,0,NA,NA,NA,0,0,0,NA,NA,NA,NA,NA,NA,NA,NA,NA,NA,NA,NA,NA
Oregon,2020-04-22T00:00:00Z,7,10,0,0,0,0,0,0,0,0,NA,NA,0,NA,0,NA,NA,NA,0,0,0,NA,NA,NA,NA,NA,NA,NA,NA,NA,NA,NA,NA,NA
Pennsylvania,2020-04-22T00:00:00Z,29,54,67,156,0,0,1,0,0,0,NA,NA,0,NA,0,NA,NA,NA,0,0,0,NA,NA,NA,NA,NA,NA,NA,NA,NA,NA,NA,NA,NA
South Carolina,2020-04-22T00:00:00Z,2,36,0,0,0,0,0,0,0,0,NA,NA,0,NA,0,NA,NA,NA,0,0,0,NA,NA,NA,NA,NA,NA,NA,NA,NA,NA,NA,NA,NA
Texas,2020-04-22T00:00:00Z,529,0,292,0,0,148,0,0,0,0,NA,NA,0,NA,0,NA,NA,NA,0,0,0,NA,NA,NA,NA,NA,NA,NA,NA,NA,NA,NA,NA,NA
Virginia,2020-04-22T00:00:00Z,196,57,0,0,0,0,1,0,0,0,NA,NA,0,NA,0,NA,NA,NA,0,0,0,NA,NA,NA,NA,NA,NA,NA,NA,NA,NA,NA,NA,NA
Washington,2020-04-22T00:00:00Z,13,19,0,0,0,0,0,0,0,0,NA,NA,0,NA,0,NA,NA,NA,0,0,0,NA,NA,NA,NA,NA,NA,NA,NA,NA,NA,NA,NA,NA
Alaska,2020-04-22T00:00:00Z,0,NA,50,NA,NA,7,NA,NA,NA,NA,57,NA,NA,NA,NA,NA,NA,NA,NA,NA,NA,NA,NA,NA,NA,NA,NA,NA,NA,NA,NA,NA,NA,NA
Idaho,2020-04-22T00:00:00Z,0,NA,26,NA,NA,1,NA,NA,NA,NA,NA,NA,NA,27,NA,NA,NA,NA,NA,NA,NA,NA,NA,NA,NA,NA,NA,NA,NA,NA,NA,NA,NA,NA
New York,2020-04-22T00:00:00Z,239,844,NA,NA,NA,NA,NA,2,NA,NA,NA,NA,NA,NA,NA,NA,NA,NA,NA,NA,NA,NA,NA,NA,NA,NA,NA,NA,NA,NA,NA,NA,NA,NA
North Carolina,2020-04-22T00:00:00Z,337,NA,361,NA,NA,NA,NA,NA,NA,NA,698,NA,NA,NA,NA,NA,NA,NA,NA,NA,NA,NA,NA,NA,NA,NA,NA,NA,NA,NA,NA,NA,NA,NA
Delaware,2020-04-22T00:00:00Z,41,23,NA,NA,NA,NA,NA,NA,NA,NA,NA,NA,NA,NA,3,NA,NA,NA,NA,NA,NA,NA,NA,NA,NA,NA,NA,NA,NA,NA,NA,NA,NA,NA
Utah,2020-04-22T00:00:00Z,9,NA,NA,NA,NA,NA,NA,NA,NA,NA,NA,NA,NA,NA,NA,NA,NA,NA,NA,NA,NA,NA,NA,NA,NA,NA,NA,NA,NA,NA,NA,NA,NA,NA
Minnesota,2020-04-22T00:00:00Z,29,NA,96,NA,NA,58,NA,NA,NA,NA,183,NA,NA,NA,NA,37,24,2,NA,NA,NA,NA,NA,NA,NA,NA,NA,NA,NA,NA,NA,NA,NA,NA
Vermont,2020-04-22T00:00:00Z,38,NA,181,NA,NA,2,NA,NA,NA,NA,221,NA,NA,NA,NA,NA,18,0,NA,NA,NA,38,NA,NA,NA,NA,NA,NA,NA,NA,NA,NA,NA,NA
Missouri,2020-04-22T00:00:00Z,4,6,NA,NA,NA,NA,1,0,NA,NA,NA,NA,NA,NA,7,NA,NA,NA,NA,NA,NA,NA,NA,NA,NA,NA,NA,NA,NA,NA,NA,NA,NA,NA
Arkansas,2020-04-22T00:00:00Z,NA,25,NA,NA,NA,NA,NA,NA,NA,NA,731,NA,NA,NA,0,NA,NA,NA,NA,NA,NA,NA,2020-04-22T00:00:00Z,NA,NA,NA,NA,NA,NA,NA,NA,NA,NA,NA
Rhode Island,2020-04-22T00:00:00Z,0,6,NA,NA,NA,NA,NA,NA,NA,NA,0,NA,NA,NA,NA,NA,NA,NA,NA,NA,NA,NA,2020-04-22T00:00:00Z,NA,NA,NA,NA,NA,NA,NA,NA,NA,NA,NA
Michigan,2020-04-22T00:00:00Z,717,210,361,NA,NA,11,25,2,NA,NA,1089,NA,NA,NA,NA,NA,NA,NA,NA,NA,NA,NA,2020-04-22T00:00:00Z,NA,NA,NA,NA,NA,NA,NA,NA,NA,NA,NA
Maine,2020-04-22T00:00:00Z,0,NA,17,NA,NA,0,NA,NA,NA,NA,17,NA,NA,NA,NA,NA,NA,NA,NA,NA,NA,NA,2020-04-22T00:00:00Z,NA,4,NA,NA,NA,NA,NA,NA,NA,NA,NA
Hawaii,2020-04-22T00:00:00Z,0,NA,13,NA,NA,1,NA,NA,NA,NA,14,NA,NA,NA,NA,NA,NA,NA,NA,NA,NA,NA,2020-04-22T00:00:00Z,NA,1,9,NA,NA,NA,NA,NA,NA,NA,NA
Connecticut,2020-04-22T00:00:00Z,321,244,NA,NA,NA,NA,1,NA,NA,NA,NA,NA,NA,NA,NA,NA,NA,NA,NA,NA,NA,NA,2020-04-22T00:00:00Z,149,170,NA,33,41594,NA,NA,NA,NA,NA,NA
Wisconsin,2020-04-22T00:00:00Z,13,16,98,NA,NA,6,NA,NA,NA,NA,117,NA,NA,NA,NA,NA,NA,NA,NA,NA,NA,NA,2020-04-22T00:00:00Z,NA,NA,NA,10,NA,NA,NA,NA,NA,NA,NA
Alaska,2020-04-22T00:00:00Z,0,NA,50,NA,NA,7,NA,NA,NA,NA,57,NA,NA,NA,NA,NA,NA,NA,NA,NA,NA,NA,2020-04-22T00:00:00Z,NA,NA,NA,NA,NA,NA,NA,NA,NA,NA,NA
Arizona,2020-04-22T00:00:00Z,35,NA,122,NA,NA,15,NA,NA,NA,NA,172,NA,NA,NA,NA,NA,NA,NA,NA,NA,NA,NA,2020-04-22T00:00:00Z,NA,NA,NA,NA,41543,NA,NA,NA,NA,NA,NA
Missouri,2020-04-22T00:00:00Z,4,6,NA,NA,NA,NA,1,NA,NA,NA,66,NA,NA,NA,7,NA,NA,NA,NA,NA,NA,NA,2020-04-22T00:00:00Z,NA,NA,NA,NA,NA,NA,NA,NA,NA,NA,NA
Alaska,2020-04-22T00:00:00Z,0,NA,50,NA,NA,7,NA,NA,NA,NA,57,NA,NA,NA,NA,NA,NA,NA,NA,NA,NA,NA,2020-04-22T00:00:00Z,NA,NA,NA,NA,NA,NA,NA,NA,NA,NA,NA
Arizona,2020-04-22T00:00:00Z,35,NA,122,NA,NA,15,NA,NA,NA,NA,172,NA,NA,NA,NA,NA,NA,NA,NA,NA,NA,NA,2020-04-22T00:00:00Z,NA,NA,NA,NA,41543,NA,NA,NA,NA,NA,NA
Missouri,2020-04-22T00:00:00Z,4,6,NA,NA,NA,NA,1,NA,NA,NA,66,NA,NA,NA,7,NA,NA,NA,NA,NA,NA,NA,2020-04-22T00:00:00Z,NA,NA,NA,NA,NA,NA,NA,NA,NA,NA,NA
Alabama,2020-04-23T00:00:00Z,4,0,0,0,0,1,1,0,0,0,NA,NA,0,NA,0,NA,NA,NA,0,0,0,NA,NA,NA,NA,NA,NA,NA,0,NA,NA,NA,NA,NA
Arizona,2020-04-23T00:00:00Z,34,0,128,0,0,12,0,0,0,0,NA,NA,0,NA,0,NA,NA,NA,0,0,0,NA,NA,NA,NA,NA,NA,NA,0,NA,NA,NA,NA,NA
California,2020-04-23T00:00:00Z,0,104,0,0,0,0,0,0,0,0,NA,NA,0,NA,0,NA,NA,NA,0,0,0,NA,NA,NA,NA,NA,NA,NA,0,NA,NA,NA,NA,NA
Federal,2020-04-23T00:00:00Z,589,357,0,0,0,0,23,0,0,0,NA,NA,0,NA,0,NA,NA,NA,0,0,0,NA,NA,NA,NA,NA,NA,NA,0,NA,NA,NA,NA,NA
Florida,2020-04-23T00:00:00Z,144,110,188,0,0,77,0,0,0,0,NA,NA,0,NA,0,NA,NA,NA,0,0,0,NA,NA,NA,NA,NA,NA,NA,0,NA,NA,NA,NA,NA
Georgia,2020-04-23T00:00:00Z,159,78,0,0,0,0,0,0,0,0,NA,NA,0,NA,0,NA,NA,NA,0,0,0,NA,NA,NA,NA,NA,NA,NA,0,NA,NA,NA,NA,NA
Illinois,2020-04-23T00:00:00Z,150,142,0,0,0,0,0,0,0,0,NA,NA,0,NA,0,NA,NA,NA,0,0,0,NA,NA,NA,NA,NA,NA,NA,0,NA,NA,NA,NA,NA
Iowa,2020-04-23T00:00:00Z,13,3,0,0,0,0,0,0,0,0,NA,NA,0,NA,0,NA,NA,NA,0,0,0,NA,NA,NA,NA,NA,NA,NA,0,NA,NA,NA,NA,NA
Kansas,2020-04-23T00:00:00Z,52,63,0,0,0,0,0,0,0,0,NA,NA,0,NA,0,NA,NA,NA,0,0,0,NA,NA,NA,NA,NA,NA,NA,0,NA,NA,NA,NA,NA
Louisiana,2020-04-23T00:00:00Z,122,82,0,0,0,0,0,3,3,3,NA,NA,0,NA,0,NA,NA,NA,114,0,0,NA,NA,NA,NA,NA,NA,NA,0,NA,NA,NA,NA,NA
Massachusetts,2020-04-23T00:00:00Z,10,7,0,0,0,0,0,0,0,0,NA,NA,0,NA,1,NA,NA,NA,0,2,20,NA,NA,NA,NA,NA,NA,NA,0,NA,NA,NA,NA,NA
Montana,2020-04-23T00:00:00Z,2,0,0,0,0,0,0,0,0,0,NA,NA,0,NA,0,NA,NA,NA,0,0,0,NA,NA,NA,NA,NA,NA,NA,0,NA,NA,NA,NA,NA
New Hampshire,2020-04-23T00:00:00Z,0,8,0,0,0,0,0,0,0,0,NA,NA,0,NA,0,NA,NA,NA,0,0,0,NA,NA,NA,NA,NA,NA,NA,0,NA,NA,NA,NA,NA
North Dakota,2020-04-23T00:00:00Z,0,0,30,0,0,0,0,0,0,0,NA,NA,0,NA,0,NA,NA,NA,0,0,0,NA,NA,NA,NA,NA,NA,NA,0,NA,NA,NA,NA,NA
Ohio,2020-04-23T00:00:00Z,3816,346,0,0,0,0,15,1,0,0,NA,NA,0,NA,0,NA,NA,NA,0,0,0,NA,NA,NA,NA,NA,NA,NA,2,NA,NA,NA,NA,NA
Oklahoma,2020-04-23T00:00:00Z,1,9,0,0,0,0,0,0,0,0,NA,NA,0,NA,0,NA,NA,NA,0,0,0,NA,NA,NA,NA,NA,NA,NA,0,NA,NA,NA,NA,NA
Oregon,2020-04-23T00:00:00Z,13,12,0,0,0,0,0,0,0,0,NA,NA,0,NA,0,NA,NA,NA,0,0,0,NA,NA,NA,NA,NA,NA,NA,0,NA,NA,NA,NA,NA
Pennsylvania,2020-04-23T00:00:00Z,32,63,71,181,0,0,1,0,0,0,NA,NA,0,NA,0,NA,NA,NA,0,0,0,NA,NA,NA,NA,NA,NA,NA,0,NA,NA,NA,NA,NA
South Carolina,2020-04-23T00:00:00Z,2,38,0,0,0,0,0,0,0,0,NA,NA,0,NA,0,NA,NA,NA,0,0,0,NA,NA,NA,NA,NA,NA,NA,0,NA,NA,NA,NA,NA
Texas,2020-04-23T00:00:00Z,631,0,331,0,0,156,0,0,0,0,NA,NA,0,NA,0,NA,NA,NA,0,0,0,NA,NA,NA,NA,NA,NA,NA,0,NA,NA,NA,NA,NA
Virginia,2020-04-23T00:00:00Z,214,57,0,0,0,0,1,0,0,0,NA,NA,0,NA,0,NA,NA,NA,0,0,0,NA,NA,NA,NA,NA,NA,NA,0,NA,NA,NA,NA,NA
Washington,2020-04-23T00:00:00Z,13,26,0,0,0,0,0,0,0,0,NA,NA,0,NA,0,NA,NA,NA,0,0,0,NA,NA,NA,NA,NA,NA,NA,0,NA,NA,NA,NA,NA
Alaska,2020-04-23T00:00:00Z,0,NA,55,NA,NA,4,NA,NA,NA,NA,59,NA,NA,NA,NA,NA,NA,NA,NA,NA,NA,NA,NA,NA,NA,NA,NA,NA,NA,NA,NA,NA,NA,NA
Idaho,2020-04-23T00:00:00Z,0,NA,31,NA,NA,1,NA,NA,NA,NA,NA,NA,NA,32,NA,NA,NA,NA,NA,NA,NA,NA,NA,NA,NA,NA,NA,NA,NA,NA,NA,NA,NA,NA
New York,2020-04-23T00:00:00Z,263,894,NA,NA,NA,NA,NA,2,NA,NA,NA,NA,NA,NA,NA,NA,NA,NA,NA,NA,NA,NA,NA,NA,NA,NA,NA,NA,NA,NA,NA,NA,NA,NA
North Carolina,2020-04-23T00:00:00Z,421,NA,400,NA,NA,NA,NA,NA,NA,NA,821,NA,NA,NA,NA,NA,NA,NA,NA,NA,NA,NA,NA,NA,NA,NA,NA,NA,NA,NA,NA,NA,NA,NA
Delaware,2020-04-23T00:00:00Z,41,23,NA,NA,NA,NA,NA,NA,NA,NA,NA,NA,NA,NA,3,NA,NA,NA,NA,NA,NA,NA,NA,NA,NA,NA,NA,NA,NA,NA,NA,NA,NA,NA
Utah,2020-04-23T00:00:00Z,9,NA,NA,NA,NA,NA,NA,NA,NA,NA,NA,NA,NA,NA,NA,NA,NA,NA,NA,NA,NA,NA,NA,NA,NA,NA,NA,NA,NA,NA,NA,NA,NA,NA
Minnesota,2020-04-23T00:00:00Z,29,NA,96,NA,NA,58,NA,NA,NA,NA,183,NA,NA,NA,NA,37,24,2,NA,NA,NA,NA,NA,NA,NA,NA,NA,NA,NA,NA,NA,NA,NA,NA
Vermont,2020-04-23T00:00:00Z,38,NA,182,NA,NA,2,NA,NA,NA,NA,222,NA,NA,NA,NA,NA,19,0,NA,NA,NA,38,NA,NA,NA,NA,NA,NA,NA,NA,NA,NA,NA,NA
Missouri,2020-04-23T00:00:00Z,4,6,NA,NA,NA,NA,1,0,NA,NA,NA,NA,NA,NA,7,NA,NA,NA,NA,NA,NA,NA,NA,NA,NA,NA,NA,NA,NA,NA,NA,NA,NA,NA
Arkansas,2020-04-23T00:00:00Z,731,25,NA,NA,NA,NA,NA,NA,NA,NA,NA,NA,NA,NA,0,NA,NA,NA,NA,NA,NA,NA,2020-04-22T00:00:00Z,NA,NA,NA,NA,NA,NA,NA,NA,NA,NA,NA
Connecticut,2020-04-23T00:00:00Z,338,256,NA,NA,NA,NA,1,NA,NA,NA,NA,NA,NA,NA,NA,NA,NA,NA,NA,NA,NA,NA,2020-04-22T00:00:00Z,161,140,NA,39,41594,NA,NA,NA,NA,NA,NA
Hawaii,2020-04-23T00:00:00Z,0,NA,13,NA,NA,1,NA,NA,NA,NA,14,NA,NA,NA,NA,NA,NA,NA,NA,NA,NA,NA,2020-04-22T00:00:00Z,NA,1,9,NA,NA,NA,NA,NA,NA,NA,NA
Maine,2020-04-23T00:00:00Z,0,NA,17,NA,NA,0,NA,NA,NA,NA,17,NA,NA,NA,NA,NA,NA,NA,NA,NA,NA,NA,2020-04-22T00:00:00Z,NA,1,NA,NA,NA,NA,NA,NA,NA,NA,NA
Michigan,2020-04-23T00:00:00Z,917,240,455,NA,NA,11,28,2,NA,NA,1383,NA,NA,NA,NA,NA,NA,NA,NA,NA,NA,NA,2020-04-22T00:00:00Z,NA,NA,NA,NA,NA,NA,NA,NA,NA,NA,NA
Rhode Island,2020-04-23T00:00:00Z,0,7,NA,NA,NA,NA,NA,NA,NA,NA,0,NA,NA,NA,NA,NA,NA,NA,NA,NA,NA,NA,2020-04-22T00:00:00Z,NA,NA,NA,NA,NA,NA,NA,NA,NA,NA,NA
Wisconsin,2020-04-23T00:00:00Z,13,16,99,NA,NA,6,NA,NA,NA,NA,119,NA,NA,NA,NA,NA,NA,NA,NA,NA,NA,NA,2020-04-22T00:00:00Z,NA,NA,NA,9,NA,NA,NA,NA,NA,NA,NA
Alabama,2020-04-24T00:00:00Z,4,0,0,0,0,3,1,0,0,0,NA,NA,0,NA,0,NA,NA,NA,0,0,0,NA,NA,NA,NA,NA,NA,NA,0,0,NA,NA,NA,NA
Arizona,2020-04-24T00:00:00Z,42,0,135,0,0,7,0,0,0,0,NA,NA,0,NA,0,NA,NA,NA,0,0,0,NA,NA,NA,NA,NA,NA,NA,0,0,NA,NA,NA,NA
California,2020-04-24T00:00:00Z,0,113,0,0,0,0,0,0,0,0,NA,NA,0,NA,0,NA,NA,NA,0,0,0,NA,NA,NA,NA,NA,NA,NA,0,0,NA,NA,NA,NA
Delaware,2020-04-24T00:00:00Z,43,27,0,0,0,0,0,0,0,0,NA,NA,0,NA,3,NA,NA,NA,0,0,0,NA,NA,NA,NA,NA,NA,NA,0,0,NA,NA,NA,NA
Federal,2020-04-24T00:00:00Z,38,0,0,0,0,0,0,0,0,0,NA,NA,0,NA,0,NA,NA,NA,0,0,0,NA,NA,NA,NA,NA,NA,NA,0,0,NA,NA,NA,NA
Florida,2020-04-24T00:00:00Z,179,121,200,0,0,48,0,0,0,0,NA,NA,0,NA,0,NA,NA,NA,0,0,0,NA,NA,NA,NA,NA,NA,NA,0,0,NA,NA,NA,NA
Illinois,2020-04-24T00:00:00Z,152,144,0,0,0,0,0,0,0,0,NA,NA,0,NA,0,NA,NA,NA,0,0,0,NA,NA,NA,NA,NA,NA,NA,0,0,NA,NA,NA,NA
Iowa,2020-04-24T00:00:00Z,13,3,0,0,0,0,0,0,0,0,NA,NA,0,NA,0,NA,NA,NA,0,0,0,NA,NA,NA,NA,NA,NA,NA,0,0,NA,NA,NA,NA
Kansas,2020-04-24T00:00:00Z,59,67,0,0,0,0,0,0,0,0,NA,NA,0,NA,0,NA,NA,NA,0,0,0,NA,NA,NA,NA,NA,NA,NA,0,0,NA,NA,NA,NA
Louisiana,2020-04-24T00:00:00Z,25,11,0,0,0,0,120,0,0,31,NA,NA,0,NA,0,NA,NA,NA,2,0,0,NA,NA,NA,NA,NA,NA,NA,0,76,NA,NA,NA,NA
Massachusetts,2020-04-24T00:00:00Z,41,7,0,0,0,0,0,0,0,0,NA,NA,0,NA,0,NA,NA,NA,0,2,50,NA,NA,NA,NA,NA,NA,NA,0,0,NA,NA,NA,NA
Montana,2020-04-24T00:00:00Z,2,0,0,0,0,0,0,0,0,0,NA,NA,0,NA,0,NA,NA,NA,0,0,0,NA,NA,NA,NA,NA,NA,NA,0,0,NA,NA,NA,NA
New Hampshire,2020-04-24T00:00:00Z,0,8,0,0,0,0,0,0,0,0,NA,NA,0,NA,0,NA,NA,NA,0,0,0,NA,NA,NA,NA,NA,NA,NA,0,0,NA,NA,NA,NA
North Carolina,2020-04-24T00:00:00Z,491,0,427,0,0,0,0,0,0,0,NA,NA,0,NA,0,NA,NA,NA,0,0,0,NA,NA,NA,NA,NA,NA,NA,0,0,NA,NA,NA,NA
North Dakota,2020-04-24T00:00:00Z,0,0,30,0,0,0,0,0,0,0,NA,NA,0,NA,0,NA,NA,NA,0,0,0,NA,NA,NA,NA,NA,NA,NA,0,0,NA,NA,NA,NA
Ohio,2020-04-24T00:00:00Z,3837,358,0,0,0,0,15,1,0,0,NA,NA,0,NA,0,NA,NA,NA,0,0,0,NA,NA,NA,NA,NA,NA,NA,2,0,NA,NA,NA,NA
Oklahoma,2020-04-24T00:00:00Z,1,9,0,0,0,0,0,0,0,0,NA,NA,0,NA,0,NA,NA,NA,0,0,0,NA,NA,NA,NA,NA,NA,NA,0,0,NA,NA,NA,NA
Oregon,2020-04-24T00:00:00Z,13,12,0,0,0,0,0,0,0,0,NA,NA,0,NA,0,NA,NA,NA,0,0,0,NA,NA,NA,NA,NA,NA,NA,0,0,NA,NA,NA,NA
Pennsylvania,2020-04-24T00:00:00Z,32,65,75,188,0,0,1,0,0,0,NA,NA,0,NA,0,NA,NA,NA,0,0,0,NA,NA,NA,NA,NA,NA,NA,0,0,NA,NA,NA,NA
South Carolina,2020-04-24T00:00:00Z,2,40,0,0,0,0,0,0,0,0,NA,NA,0,NA,0,NA,NA,NA,0,0,0,NA,NA,NA,NA,NA,NA,NA,0,0,NA,NA,NA,NA
Texas,2020-04-24T00:00:00Z,687,0,338,0,0,207,0,0,0,0,NA,NA,0,NA,0,NA,NA,NA,0,0,0,NA,NA,NA,NA,NA,NA,NA,0,0,NA,NA,NA,NA
Virginia,2020-04-24T00:00:00Z,216,63,0,0,0,0,1,0,0,0,NA,NA,0,NA,0,NA,NA,NA,0,0,0,NA,NA,NA,NA,NA,NA,NA,0,0,NA,NA,NA,NA
Washington,2020-04-24T00:00:00Z,14,26,0,0,0,0,0,0,0,0,NA,NA,0,NA,0,NA,NA,NA,0,0,0,NA,NA,NA,NA,NA,NA,NA,0,0,NA,NA,NA,NA
Alaska,2020-04-24T00:00:00Z,0,NA,55,NA,NA,7,NA,NA,NA,NA,62,NA,NA,NA,NA,NA,NA,NA,NA,NA,NA,NA,NA,NA,NA,NA,NA,NA,NA,NA,NA,NA,NA,NA
Idaho,2020-04-24T00:00:00Z,0,NA,33,NA,NA,0,NA,NA,NA,NA,33,NA,NA,NA,NA,NA,NA,NA,NA,NA,NA,NA,NA,NA,NA,NA,NA,NA,NA,NA,NA,NA,NA,NA
New York,2020-04-24T00:00:00Z,269,926,NA,NA,NA,NA,NA,2,NA,NA,NA,NA,NA,NA,NA,NA,NA,NA,NA,NA,NA,NA,NA,NA,NA,NA,NA,NA,NA,NA,NA,NA,NA,NA
Utah,2020-04-24T00:00:00Z,9,NA,NA,NA,NA,NA,NA,NA,NA,NA,NA,NA,NA,NA,NA,NA,NA,NA,NA,NA,NA,NA,NA,NA,NA,NA,NA,NA,NA,NA,NA,NA,NA,NA
Minnesota,2020-04-24T00:00:00Z,66,NA,121,NA,NA,25,0,NA,NA,NA,212,NA,NA,NA,NA,38,30,1,NA,NA,NA,NA,NA,NA,NA,NA,NA,NA,NA,NA,NA,NA,NA,NA
Vermont,2020-04-24T00:00:00Z,38,18,184,NA,NA,0,NA,NA,NA,NA,222,NA,NA,NA,NA,NA,16,32,NA,NA,NA,27,NA,NA,NA,NA,NA,NA,NA,NA,NA,NA,NA,NA
Missouri,2020-04-24T00:00:00Z,24,6,NA,NA,NA,NA,1,0,NA,NA,NA,NA,NA,NA,7,NA,NA,NA,NA,NA,NA,NA,NA,NA,NA,NA,NA,NA,NA,NA,NA,NA,NA,NA
Arkansas,2020-04-24T00:00:00Z,751,54,NA,NA,NA,NA,NA,NA,NA,NA,NA,NA,NA,NA,10,NA,NA,NA,NA,NA,NA,NA,NA,NA,NA,NA,NA,NA,NA,NA,NA,NA,NA,NA
Connecticut,2020-04-24T00:00:00Z,357,282,NA,NA,NA,NA,1,NA,NA,NA,NA,NA,NA,NA,NA,NA,NA,NA,NA,NA,NA,NA,NA,170,154,NA,43,41594,NA,NA,NA,NA,NA,NA
Hawaii,2020-04-24T00:00:00Z,0,NA,15,NA,NA,0,NA,NA,NA,NA,15,NA,NA,NA,NA,NA,NA,NA,NA,NA,NA,NA,NA,NA,1,2,NA,NA,NA,NA,NA,NA,NA,NA
Maine,2020-04-24T00:00:00Z,0,NA,17,NA,NA,0,NA,NA,NA,NA,17,NA,NA,NA,NA,NA,NA,NA,NA,NA,NA,NA,NA,NA,1,NA,NA,NA,NA,NA,NA,NA,NA,NA
Michigan,2020-04-24T00:00:00Z,1178,247,624,NA,NA,121,30,2,NA,NA,1923,NA,NA,NA,NA,NA,NA,NA,NA,NA,NA,NA,NA,NA,NA,NA,NA,NA,NA,NA,NA,NA,NA,NA
Rhode Island,2020-04-24T00:00:00Z,0,7,NA,NA,NA,NA,NA,NA,NA,NA,0,NA,NA,NA,NA,NA,NA,NA,NA,NA,NA,NA,NA,NA,NA,NA,NA,NA,NA,NA,NA,NA,NA,NA
Wisconsin,2020-04-24T00:00:00Z,14,16,102,NA,NA,10,NA,NA,NA,NA,126,NA,NA,NA,NA,NA,NA,NA,NA,NA,NA,NA,NA,NA,NA,NA,9,NA,NA,NA,NA,NA,NA,NA
Alabama,2020-04-25T00:00:00Z,4,0,0,0,0,3,1,0,0,0,NA,NA,0,NA,0,NA,NA,NA,0,0,0,NA,NA,NA,NA,NA,NA,NA,0,0,0,0,0,0
Arizona,2020-04-25T00:00:00Z,44,0,134,0,0,9,0,0,0,0,NA,NA,0,NA,0,NA,NA,NA,0,0,0,NA,NA,NA,NA,NA,NA,NA,0,0,0,0,0,0
California,2020-04-25T00:00:00Z,0,115,0,0,0,0,0,0,0,0,NA,NA,0,NA,0,NA,NA,NA,0,0,0,NA,NA,NA,NA,NA,NA,NA,0,0,0,0,0,0
Delaware,2020-04-25T00:00:00Z,43,27,0,0,0,0,0,0,0,0,NA,NA,0,NA,3,NA,NA,NA,0,0,0,NA,NA,NA,NA,NA,NA,NA,0,0,0,0,0,0
Federal,2020-04-25T00:00:00Z,44,0,0,0,0,0,0,0,0,0,NA,NA,0,NA,0,NA,NA,NA,0,0,0,NA,NA,NA,NA,NA,NA,NA,0,0,0,0,0,0
Florida,2020-04-25T00:00:00Z,189,126,211,0,0,34,0,0,0,0,NA,NA,0,NA,0,NA,NA,NA,0,0,0,NA,NA,NA,NA,NA,NA,NA,0,0,0,0,0,0
Illinois,2020-04-25T00:00:00Z,153,147,0,0,0,0,0,0,0,0,NA,NA,0,NA,0,NA,NA,NA,0,0,0,NA,NA,NA,NA,NA,NA,NA,0,0,0,0,0,0
Iowa,2020-04-25T00:00:00Z,13,3,0,0,0,0,0,0,0,0,NA,NA,0,NA,0,NA,NA,NA,0,0,0,NA,NA,NA,NA,NA,NA,NA,0,0,0,0,0,0
Kansas,2020-04-25T00:00:00Z,59,67,0,0,0,0,0,0,0,0,NA,NA,0,NA,0,NA,NA,NA,0,0,0,NA,NA,NA,NA,NA,NA,NA,0,0,0,0,0,0
Louisiana,2020-04-25T00:00:00Z,245,91,0,0,0,0,0,3,0,3,NA,NA,0,NA,0,NA,NA,NA,237,0,0,NA,NA,NA,NA,NA,NA,NA,0,3,132,113,0,0
Montana,2020-04-25T00:00:00Z,2,0,0,0,0,0,0,0,0,0,NA,NA,0,NA,0,NA,NA,NA,0,0,0,NA,NA,NA,NA,NA,NA,NA,0,0,0,0,0,0
New Hampshire,2020-04-25T00:00:00Z,0,8,0,0,0,0,0,0,0,0,NA,NA,0,NA,0,NA,NA,NA,0,0,0,NA,NA,NA,NA,NA,NA,NA,0,0,0,0,0,0
North Carolina,2020-04-25T00:00:00Z,494,0,430,0,0,0,0,0,0,0,NA,NA,0,NA,0,NA,NA,NA,0,0,0,NA,NA,NA,NA,NA,NA,NA,0,0,0,0,0,0
North Dakota,2020-04-25T00:00:00Z,0,0,30,0,0,0,0,0,0,0,NA,NA,0,NA,0,NA,NA,NA,0,0,0,NA,NA,NA,NA,NA,NA,NA,0,0,0,0,0,0
Ohio,2020-04-25T00:00:00Z,3627,291,0,0,0,0,14,1,0,0,NA,NA,0,NA,0,NA,NA,NA,0,0,0,NA,NA,NA,NA,NA,NA,NA,2,0,0,0,0,0
Oklahoma,2020-04-25T00:00:00Z,1,9,0,0,0,0,0,0,0,0,NA,NA,0,NA,0,NA,NA,NA,0,0,0,NA,NA,NA,NA,NA,NA,NA,0,0,0,0,0,0
Oregon,2020-04-25T00:00:00Z,13,12,0,0,0,0,0,0,0,0,NA,NA,0,NA,0,NA,NA,NA,0,0,0,NA,NA,NA,NA,NA,NA,NA,0,0,0,0,0,0
Pennsylvania,2020-04-25T00:00:00Z,32,65,75,188,0,0,1,0,0,0,NA,NA,0,NA,0,NA,NA,NA,0,0,0,NA,NA,NA,NA,NA,NA,NA,0,0,0,0,0,0
South Carolina,2020-04-25T00:00:00Z,4,40,0,0,0,0,0,0,0,0,NA,NA,0,NA,0,NA,NA,NA,0,0,0,NA,NA,NA,NA,NA,NA,NA,0,0,0,0,0,0
Tennessee,2020-04-25T00:00:00Z,0,0,2852,0,0,162,0,0,0,0,NA,NA,0,NA,0,NA,NA,NA,0,0,0,NA,NA,NA,NA,NA,NA,NA,0,0,0,0,0,0
Texas,2020-04-25T00:00:00Z,740,259,346,0,0,204,0,0,0,0,NA,NA,0,NA,0,NA,NA,NA,0,0,0,NA,NA,NA,NA,NA,NA,NA,0,0,0,0,0,0
Virginia,2020-04-25T00:00:00Z,273,67,0,0,0,0,0,0,0,0,NA,NA,0,NA,0,NA,NA,NA,0,0,0,NA,NA,NA,NA,NA,NA,NA,0,0,0,0,232,1
Washington,2020-04-25T00:00:00Z,14,26,0,0,0,0,0,0,0,0,NA,NA,0,NA,0,NA,NA,NA,0,0,0,NA,NA,NA,NA,NA,NA,NA,0,0,0,0,0,0
Alaska,2020-04-25T00:00:00Z,0,NA,55,NA,NA,7,NA,NA,NA,NA,62,NA,NA,NA,NA,NA,NA,NA,NA,NA,NA,NA,NA,NA,NA,NA,NA,NA,NA,NA,NA,NA,NA,NA
Idaho,2020-04-25T00:00:00Z,0,NA,33,NA,NA,0,NA,NA,NA,NA,33,NA,NA,NA,NA,NA,NA,NA,NA,NA,NA,NA,NA,NA,NA,NA,NA,NA,NA,NA,NA,NA,NA,NA
New York,2020-04-25T00:00:00Z,287,955,NA,NA,NA,NA,NA,2,NA,NA,NA,NA,NA,NA,NA,NA,NA,NA,NA,NA,NA,NA,NA,NA,NA,NA,NA,NA,NA,NA,NA,NA,NA,NA
Utah,2020-04-25T00:00:00Z,9,NA,NA,NA,NA,NA,NA,NA,NA,NA,NA,NA,NA,NA,NA,NA,NA,NA,NA,NA,NA,NA,NA,NA,NA,NA,NA,NA,NA,NA,NA,NA,NA,NA
Minnesota,2020-04-25T00:00:00Z,66,NA,121,NA,NA,25,0,NA,NA,NA,212,NA,NA,NA,NA,38,30,1,NA,NA,NA,NA,NA,NA,NA,NA,NA,NA,NA,NA,NA,NA,NA,NA
Vermont,2020-04-25T00:00:00Z,38,18,184,NA,NA,0,NA,NA,NA,NA,222,NA,NA,NA,NA,NA,16,35,NA,NA,NA,28,NA,NA,NA,NA,NA,NA,NA,NA,NA,NA,NA,NA
Missouri,2020-04-25T00:00:00Z,24,6,NA,NA,NA,NA,1,0,NA,NA,NA,NA,NA,NA,7,NA,NA,NA,NA,NA,NA,NA,NA,NA,NA,NA,NA,NA,NA,NA,NA,NA,NA,NA
Arkansas,2020-04-25T00:00:00Z,751,54,NA,NA,NA,NA,NA,NA,NA,NA,NA,NA,NA,NA,10,NA,NA,NA,NA,NA,NA,NA,2020-04-22T00:00:00Z,NA,NA,NA,NA,NA,NA,NA,NA,NA,NA,NA
Connecticut,2020-04-25T00:00:00Z,357,282,NA,NA,NA,NA,1,NA,NA,NA,NA,NA,NA,NA,NA,NA,NA,NA,NA,NA,NA,NA,2020-04-22T00:00:00Z,170,154,NA,43,41594,NA,NA,NA,NA,NA,NA
Hawaii,2020-04-25T00:00:00Z,0,NA,15,NA,NA,0,NA,NA,NA,NA,15,NA,NA,NA,NA,NA,NA,NA,NA,NA,NA,NA,2020-04-22T00:00:00Z,NA,1,2,NA,NA,NA,NA,NA,NA,NA,NA
Maine,2020-04-25T00:00:00Z,0,NA,17,NA,NA,0,NA,NA,NA,NA,17,NA,NA,NA,NA,NA,NA,NA,NA,NA,NA,NA,2020-04-22T00:00:00Z,NA,1,NA,NA,NA,NA,NA,NA,NA,NA,NA
Michigan,2020-04-25T00:00:00Z,1325,247,935,NA,NA,121,31,2,NA,NA,2381,NA,NA,NA,NA,NA,NA,NA,NA,NA,NA,NA,2020-04-22T00:00:00Z,NA,NA,NA,NA,NA,NA,NA,NA,NA,NA,NA
Rhode Island,2020-04-25T00:00:00Z,1,7,NA,NA,NA,NA,NA,NA,NA,NA,0,NA,NA,NA,NA,NA,NA,NA,NA,NA,NA,NA,2020-04-22T00:00:00Z,NA,NA,NA,NA,NA,NA,NA,NA,NA,NA,NA
Wisconsin,2020-04-25T00:00:00Z,14,16,102,NA,NA,10,NA,NA,NA,NA,126,NA,NA,NA,NA,NA,NA,NA,NA,NA,NA,NA,2020-04-22T00:00:00Z,NA,NA,NA,9,NA,NA,NA,NA,NA,NA,NA
